<configuration>

  <property name="silk.home" value="${SILK_HOME:-${user.home}/.silk}" />

  <appender name="FILE" class="ch.qos.logback.core.FileAppender">
    <file>${silk.home}/log/workbench.log</file>
    <encoder>
      <pattern>%date - [%level] - from %logger in %thread %n%message%n%xException%n</pattern>
    </encoder>
  </appender>

  <appender name="STDOUT" class="ch.qos.logback.core.ConsoleAppender">
    <encoder>
      <pattern>%date %highlight(%-5level) %logger{15} - %message%n%xException</pattern>
    </encoder>
  </appender>
  
  <!--<logger name="play" level="INFO" />-->
  <!--<logger name="application" level="INFO" />-->

  <root level="INFO">
    <appender-ref ref="STDOUT" />
    <appender-ref ref="FILE" />
  </root>
  
</configuration>